,odpt:railway
0,JR-East.Keiyo
1,JR-East.Keiyo
2,JR-East.Keiyo
3,JR-East.Keiyo
4,JR-East.Keiyo
5,JR-East.Keiyo
6,JR-East.Keiyo
7,JR-East.Keiyo
8,JR-East.Keiyo
9,JR-East.Keiyo
10,JR-East.Keiyo
11,JR-East.Keiyo
12,JR-East.Keiyo
13,JR-East.Keiyo
14,JR-East.Keiyo
15,JR-East.Keiyo
16,JR-East.Keiyo
17,JR-East.Keiyo
18,JR-East.Keiyo
19,JR-East.Keiyo
20,JR-East.Keiyo
21,JR-East.JobanRapid
22,JR-East.Joban
23,JR-East.Joban
24,JR-East.JobanRapid
25,JR-East.JobanRapid
26,JR-East.Joban
27,JR-East.JobanRapid
28,JR-East.JobanRapid
29,JR-East.JobanRapid
30,JR-East.Joban
31,JR-East.JobanRapid
32,JR-East.Joban
33,JR-East.JobanRapid
34,JR-East.JobanRapid
35,JR-East.JobanRapid
36,JR-East.SaikyoKawagoe
37,JR-East.SaikyoKawagoe
38,JR-East.SaikyoKawagoe
39,JR-East.SaikyoKawagoe
40,JR-East.SaikyoKawagoe
41,JR-East.SaikyoKawagoe
42,JR-East.SaikyoKawagoe
43,JR-East.SaikyoKawagoe
44,JR-East.SaikyoKawagoe
45,JR-East.SaikyoKawagoe
46,JR-East.SaikyoKawagoe
47,JR-East.SaikyoKawagoe
48,JR-East.SaikyoKawagoe
49,JR-East.SaikyoKawagoe
50,JR-East.SaikyoKawagoe
51,JR-East.SaikyoKawagoe
52,JR-East.SaikyoKawagoe
53,JR-East.SaikyoKawagoe
54,JR-East.SaikyoKawagoe
55,JR-East.SaikyoKawagoe
56,JR-East.SaikyoKawagoe
57,JR-East.SaikyoKawagoe
58,JR-East.SaikyoKawagoe
59,JR-East.SaikyoKawagoe
60,JR-East.SaikyoKawagoe
61,JR-East.SaikyoKawagoe
62,JR-East.SaikyoKawagoe
63,JR-East.Nambu
64,JR-East.Nambu
65,JR-East.Nambu
66,JR-East.Nambu
67,JR-East.Nambu
68,JR-East.Nambu
69,JR-East.Nambu
70,JR-East.Nambu
71,JR-East.Nambu
72,JR-East.Nambu
73,JR-East.Nambu
74,JR-East.Nambu
75,JR-East.Nambu
76,JR-East.Nambu
77,JR-East.Nambu
78,JR-East.Nambu
79,JR-East.Nambu
80,JR-East.Nambu
81,JR-East.Nambu
82,JR-East.Nambu
83,JR-East.Nambu
84,JR-East.Nambu
85,JR-East.Nambu
86,JR-East.Nambu
87,JR-East.Nambu
88,JR-East.Nambu
89,JR-East.Nambu
90,JR-East.Nambu
91,JR-East.Takasaki
92,JR-East.Takasaki
93,JR-East.Yamanote
94,JR-East.Yamanote
95,JR-East.Yamanote
96,JR-East.Yamanote
97,JR-East.Yamanote
98,JR-East.Yamanote
99,JR-East.Yamanote
100,JR-East.Yamanote
101,JR-East.Yamanote
102,JR-East.Yamanote
103,JR-East.Yamanote
104,JR-East.Yamanote
105,JR-East.Yamanote
106,JR-East.Yamanote
107,JR-East.Yamanote
108,JR-East.Yamanote
109,JR-East.Yamanote
110,JR-East.Yamanote
111,JR-East.Yamanote
112,JR-East.Yamanote
113,JR-East.Yamanote
114,JR-East.Yamanote
115,JR-East.Yamanote
116,JR-East.Yamanote
117,JR-East.Yamanote
118,JR-East.Yamanote
119,JR-East.Yamanote
120,JR-East.Yamanote
121,JR-East.Yamanote
122,JR-East.Yamanote
123,JR-East.Yamanote
124,JR-East.Yamanote
125,JR-East.Yamanote
126,JR-East.Yamanote
127,JR-East.Yamanote
128,JR-East.Yamanote
129,JR-East.Yamanote
130,JR-East.Yamanote
131,JR-East.Yamanote
132,JR-East.Yamanote
133,JR-East.Yamanote
134,JR-East.Yamanote
135,JR-East.Yamanote
136,JR-East.Yamanote
137,JR-East.Yamanote
138,JR-East.Yamanote
139,JR-East.Yamanote
140,JR-East.Yamanote
141,JR-East.Tokaido
142,JR-East.Yokosuka
143,JR-East.Yokosuka
144,JR-East.Yokosuka
145,JR-East.Yokosuka
146,JR-East.Yokosuka
147,JR-East.Yokosuka
148,JR-East.Yokosuka
149,JR-East.Yokosuka
150,JR-East.Yokosuka
151,JR-East.Yokosuka
152,JR-East.Yokosuka
153,JR-East.Yokosuka
154,JR-East.Yokosuka
155,JR-East.Yokosuka
156,JR-East.Yokosuka
157,JR-East.Yokosuka
158,JR-East.Yokosuka
159,JR-East.Yokosuka
160,JR-East.Yokosuka
161,JR-East.Yokosuka
162,JR-East.Yokosuka
163,JR-East.Yokosuka
164,JR-East.Yokosuka
165,JR-East.Chuo
166,JR-East.Chuo
167,JR-East.Chuo
168,JR-East.Chuo
169,JR-East.Chuo
170,JR-East.Chuo
171,JR-East.Chuo
172,JR-East.Chuo
173,JR-East.Chuo
174,JR-East.Chuo
175,JR-East.Chuo
176,JR-East.Chuo
177,JR-East.Chuo
178,JR-East.ChuoRapid
179,JR-East.ChuoRapid
180,JR-East.ChuoRapid
181,JR-East.Chuo
182,JR-East.ChuoRapid
183,JR-East.ChuoRapid
184,JR-East.Yokohama
185,JR-East.Yokohama
186,JR-East.Yokohama
187,JR-East.Yokohama
188,JR-East.Yokohama
189,JR-East.Yokohama
190,JR-East.Yokohama
191,JR-East.Yokohama
192,JR-East.Yokohama
193,JR-East.Yokohama
194,JR-East.KeihinTohokuNegishi
195,JR-East.KeihinTohokuNegishi
196,JR-East.Yokohama
197,JR-East.Yokohama
198,JR-East.Yokohama
199,JR-East.Yokohama
200,JR-East.Yokohama
201,JR-East.Yokohama
202,JR-East.Yokohama
203,JR-East.Yokohama
204,JR-East.Yokohama
205,JR-East.KeihinTohokuNegishi
206,JR-East.Yokohama
207,JR-East.Yokohama
208,JR-East.Itsukaichi
209,JR-East.Itsukaichi
210,JR-East.Ome
211,JR-East.Itsukaichi
212,JR-East.Musashino
213,JR-East.Musashino
214,JR-East.Keiyo
215,JR-East.Keiyo
216,JR-East.Musashino
217,JR-East.Musashino
218,JR-East.Musashino
219,JR-East.Musashino
220,JR-East.Keiyo
221,JR-East.Keiyo
222,JR-East.Keiyo
223,JR-East.Keiyo
224,JR-East.Musashino
225,JR-East.Musashino
226,JR-East.Musashino
227,JR-East.Musashino
228,JR-East.Musashino
229,JR-East.Musashino
230,JR-East.Musashino
231,JR-East.Musashino
232,JR-East.Musashino
233,JR-East.Keiyo
234,JR-East.Musashino
235,JR-East.Musashino
236,JR-East.Musashino
237,JR-East.Musashino
238,JR-East.Musashino
239,JR-East.Musashino
240,JR-East.SobuRapid
241,JR-East.SobuRapid
242,JR-East.SobuRapid
243,JR-East.SobuRapid
244,JR-East.SobuRapid
245,JR-East.SobuRapid
246,JR-East.SobuRapid
247,JR-East.SobuRapid
248,JR-East.SobuRapid
249,JR-East.SobuRapid
250,JR-East.SobuRapid
251,JR-East.SobuRapid
252,JR-East.SobuRapid
253,JR-East.SobuRapid
254,JR-East.SobuRapid
255,JR-East.SobuRapid
256,JR-East.ShonanShinjuku
257,JR-East.ShonanShinjuku
258,JR-East.ShonanShinjuku
259,JR-East.Utsunomiya
260,JR-East.Utsunomiya
261,JR-East.ShonanShinjuku
262,JR-East.ShonanShinjuku
263,JR-East.ShonanShinjuku
264,JR-East.ShonanShinjuku
265,JR-East.Utsunomiya
266,JR-East.Utsunomiya
267,JR-East.Utsunomiya
268,JR-East.ShonanShinjuku
269,JR-East.ShonanShinjuku
270,JR-East.ShonanShinjuku
271,JR-East.ShonanShinjuku
272,JR-East.ShonanShinjuku
273,JR-East.Tokaido
274,JR-East.Takasaki
275,JR-East.Takasaki
276,JR-East.ShonanShinjuku
277,JR-East.ShonanShinjuku
278,JR-East.ShonanShinjuku
279,JR-East.Takasaki
280,JR-East.Takasaki
281,JR-East.ShonanShinjuku
282,JR-East.ShonanShinjuku
283,JR-East.ShonanShinjuku
284,JR-East.ShonanShinjuku
285,JR-East.ShonanShinjuku
286,JR-East.Utsunomiya
287,JR-East.Utsunomiya
288,JR-East.Utsunomiya
289,JR-East.Utsunomiya
290,JR-East.Utsunomiya
291,JR-East.Utsunomiya
292,JR-East.Utsunomiya
293,JR-East.KeihinTohokuNegishi
294,JR-East.KeihinTohokuNegishi
295,JR-East.KeihinTohokuNegishi
296,JR-East.KeihinTohokuNegishi
297,JR-East.KeihinTohokuNegishi
298,JR-East.KeihinTohokuNegishi
299,JR-East.KeihinTohokuNegishi
300,JR-East.KeihinTohokuNegishi
301,JR-East.KeihinTohokuNegishi
302,JR-East.KeihinTohokuNegishi
303,JR-East.KeihinTohokuNegishi
304,JR-East.KeihinTohokuNegishi
305,JR-East.KeihinTohokuNegishi
306,JR-East.KeihinTohokuNegishi
307,JR-East.KeihinTohokuNegishi
308,JR-East.KeihinTohokuNegishi
309,JR-East.KeihinTohokuNegishi
310,JR-East.KeihinTohokuNegishi
311,JR-East.KeihinTohokuNegishi
312,JR-East.KeihinTohokuNegishi
313,JR-East.KeihinTohokuNegishi
314,JR-East.KeihinTohokuNegishi
315,JR-East.KeihinTohokuNegishi
316,JR-East.KeihinTohokuNegishi
317,JR-East.KeihinTohokuNegishi
318,JR-East.KeihinTohokuNegishi
319,JR-East.KeihinTohokuNegishi
320,JR-East.KeihinTohokuNegishi
321,JR-East.KeihinTohokuNegishi
322,JR-East.KeihinTohokuNegishi
323,JR-East.KeihinTohokuNegishi
324,JR-East.KeihinTohokuNegishi
325,JR-East.KeihinTohokuNegishi
326,JR-East.KeihinTohokuNegishi
327,JR-East.KeihinTohokuNegishi
328,JR-East.KeihinTohokuNegishi
329,JR-East.KeihinTohokuNegishi
330,JR-East.KeihinTohokuNegishi
331,JR-East.KeihinTohokuNegishi
332,JR-East.KeihinTohokuNegishi
333,JR-East.KeihinTohokuNegishi
334,JR-East.KeihinTohokuNegishi
335,JR-East.KeihinTohokuNegishi
336,JR-East.KeihinTohokuNegishi
337,JR-East.KeihinTohokuNegishi
338,JR-East.KeihinTohokuNegishi
339,JR-East.KeihinTohokuNegishi
340,JR-East.KeihinTohokuNegishi
341,JR-East.KeihinTohokuNegishi
342,JR-East.KeihinTohokuNegishi
343,JR-East.KeihinTohokuNegishi
344,JR-East.KeihinTohokuNegishi
345,JR-East.KeihinTohokuNegishi
346,JR-East.KeihinTohokuNegishi
347,JR-East.KeihinTohokuNegishi
348,JR-East.KeihinTohokuNegishi
349,JR-East.KeihinTohokuNegishi
350,JR-East.KeihinTohokuNegishi
351,JR-East.KeihinTohokuNegishi
352,JR-East.KeihinTohokuNegishi
353,JR-East.KeihinTohokuNegishi
354,JR-East.KeihinTohokuNegishi
355,JR-East.KeihinTohokuNegishi
356,JR-East.KeihinTohokuNegishi
357,JR-East.KeihinTohokuNegishi
358,JR-East.KeihinTohokuNegishi
359,JR-East.KeihinTohokuNegishi
360,JR-East.KeihinTohokuNegishi
361,JR-East.KeihinTohokuNegishi
362,JR-East.KeihinTohokuNegishi
363,JR-East.KeihinTohokuNegishi
364,JR-East.KeihinTohokuNegishi
365,JR-East.KeihinTohokuNegishi
366,JR-East.KeihinTohokuNegishi
367,JR-East.KeihinTohokuNegishi
368,JR-East.KeihinTohokuNegishi
369,JR-East.ChuoSobuLocal
370,JR-East.ChuoSobuLocal
371,JR-East.ChuoSobuLocal
372,JR-East.ChuoSobuLocal
373,JR-East.ChuoSobuLocal
374,JR-East.ChuoSobuLocal
375,JR-East.ChuoSobuLocal
376,JR-East.ChuoSobuLocal
377,JR-East.ChuoSobuLocal
378,JR-East.ChuoSobuLocal
379,JR-East.ChuoSobuLocal
380,JR-East.ChuoSobuLocal
381,JR-East.ChuoSobuLocal
382,JR-East.ChuoSobuLocal
383,JR-East.ChuoSobuLocal
384,JR-East.ChuoSobuLocal
385,JR-East.ChuoSobuLocal
386,JR-East.ChuoSobuLocal
387,JR-East.ChuoSobuLocal
388,JR-East.ChuoSobuLocal
389,JR-East.ChuoSobuLocal
390,JR-East.ChuoSobuLocal
391,JR-East.ChuoSobuLocal
392,JR-East.ChuoSobuLocal
393,JR-East.ChuoSobuLocal
394,JR-East.ChuoSobuLocal
395,JR-East.ChuoSobuLocal
396,JR-East.ChuoSobuLocal
397,JR-East.ChuoSobuLocal
398,JR-East.ChuoSobuLocal
399,JR-East.ChuoSobuLocal
400,JR-East.ChuoSobuLocal
401,JR-East.ChuoSobuLocal
402,JR-East.ChuoSobuLocal
403,JR-East.ChuoSobuLocal
404,JR-East.ChuoSobuLocal
405,JR-East.ChuoSobuLocal
406,JR-East.ChuoSobuLocal
407,JR-East.ChuoSobuLocal
408,JR-East.ChuoSobuLocal
409,JR-East.ChuoSobuLocal
410,JR-East.ChuoSobuLocal
411,JR-East.ChuoSobuLocal
412,JR-East.ChuoSobuLocal
413,JR-East.ChuoSobuLocal
414,JR-East.ChuoSobuLocal
415,JR-East.ChuoSobuLocal
416,JR-East.ChuoSobuLocal
417,JR-East.ChuoSobuLocal
418,JR-East.ChuoSobuLocal
419,JR-East.ChuoSobuLocal
420,JR-East.ChuoSobuLocal
421,JR-East.ChuoSobuLocal
422,JR-East.ChuoSobuLocal
423,JR-East.ChuoSobuLocal
424,JR-East.ChuoSobuLocal
425,JR-East.ChuoSobuLocal
426,JR-East.Kawagoe
427,JR-East.Kawagoe
428,JR-East.Kawagoe
429,JR-East.JobanRapid
430,JR-East.JobanRapid
431,JR-East.JobanRapid
432,JR-East.JobanRapid
433,JR-East.JobanRapid
434,JR-East.JobanRapid
435,JR-East.JobanRapid
436,JR-East.JobanRapid
437,JR-East.JobanRapid
438,JR-East.JobanRapid
439,JR-East.JobanRapid
440,JR-East.Ome
441,JR-East.Ome
442,JR-East.Ome
443,JR-East.Ome
444,JR-East.Ome
445,JR-East.Ome
446,JR-East.Tokaido
447,JR-East.Tokaido
448,JR-East.Tokaido
449,JR-East.Tokaido
450,JR-East.Tokaido
451,JR-East.Tokaido
452,JR-East.Tokaido
453,JR-East.Tokaido
454,JR-East.Tokaido
455,JR-East.Tokaido
456,JR-East.Utsunomiya
457,JR-East.Takasaki
458,JR-East.Utsunomiya
459,JR-East.Utsunomiya
460,JR-East.Utsunomiya
461,JR-East.Utsunomiya
462,JR-East.Utsunomiya
463,JR-East.Utsunomiya
464,JR-East.Utsunomiya
465,JR-East.Utsunomiya
466,JR-East.Utsunomiya
467,JR-East.Utsunomiya
468,JR-East.Utsunomiya
469,JR-East.Utsunomiya
470,JR-East.Utsunomiya
471,JR-East.Utsunomiya
472,JR-East.Utsunomiya
473,JR-East.Tokaido
474,JR-East.Tokaido
475,JR-East.Tokaido
476,JR-East.Tokaido
477,JR-East.Tokaido
478,JR-East.Tokaido
479,JR-East.JobanRapid
480,JR-East.Tokaido
481,JR-East.Tokaido
482,JR-East.Tokaido
483,JR-East.Tokaido
484,JR-East.Tokaido
485,JR-East.Tokaido
486,JR-East.Takasaki
487,JR-East.Tokaido
488,JR-East.Takasaki
489,JR-East.Takasaki
490,JR-East.Takasaki
491,JR-East.Takasaki
492,JR-East.Takasaki
493,JR-East.Takasaki
494,JR-East.Takasaki
495,JR-East.Takasaki
496,JR-East.Utsunomiya
497,JR-East.Takasaki
498,JR-East.Takasaki
499,JR-East.Tokaido
500,JR-East.Tokaido
501,JR-East.Takasaki
502,JR-East.Tokaido
503,JR-East.Tokaido
504,JR-East.Tokaido
505,JR-East.Tokaido
506,JR-East.Joban
507,JR-East.JobanRapid
508,JR-East.JobanRapid
509,JR-East.Joban
510,JR-East.JobanRapid
511,JR-East.SobuRapid
512,JR-East.Yokosuka
513,JR-East.SobuRapid
514,JR-East.ChuoRapid
515,JR-East.ChuoRapid
516,JR-East.ChuoRapid
517,JR-East.ChuoRapid
518,JR-East.ChuoRapid
519,JR-East.ChuoRapid
520,JR-East.ChuoRapid
521,JR-East.ChuoRapid
522,JR-East.ChuoRapid
523,JR-East.ChuoRapid
524,JR-East.ChuoRapid
525,JR-East.ChuoRapid
526,JR-East.ChuoRapid
527,JR-East.ChuoRapid
528,JR-East.ChuoRapid
529,JR-East.ChuoRapid
530,JR-East.ChuoRapid
531,JR-East.ChuoRapid
532,JR-East.ChuoRapid
533,JR-East.ChuoRapid
534,JR-East.ChuoRapid
535,JR-East.ChuoRapid
536,JR-East.ChuoRapid
537,JR-East.ChuoRapid
538,JR-East.ChuoRapid
539,JR-East.ChuoRapid
540,JR-East.ChuoRapid
541,JR-East.ChuoRapid
542,JR-East.ChuoRapid
543,JR-East.ChuoRapid
544,JR-East.ChuoRapid
545,JR-East.ChuoRapid
546,JR-East.ChuoRapid
547,JR-East.ChuoRapid
548,JR-East.ChuoRapid
549,JR-East.ChuoRapid
550,JR-East.ChuoRapid
551,JR-East.ChuoRapid
552,JR-East.ChuoRapid
553,JR-East.ChuoRapid
554,JR-East.ChuoRapid
555,JR-East.ChuoRapid
556,JR-East.ChuoRapid
557,JR-East.ChuoRapid
558,JR-East.ChuoRapid
559,JR-East.ChuoRapid
560,JR-East.ChuoRapid
561,JR-East.ChuoRapid
562,JR-East.ChuoRapid
563,JR-East.ChuoRapid
564,JR-East.ChuoRapid
565,JR-East.ChuoRapid
566,JR-East.ChuoRapid
567,JR-East.JobanLocal
568,JR-East.JobanLocal
569,JR-East.JobanLocal
570,JR-East.JobanLocal
571,JR-East.JobanLocal
572,JR-East.JobanLocal
573,JR-East.JobanLocal
574,JR-East.JobanLocal
575,JR-East.JobanLocal
576,JR-East.JobanLocal
577,JR-East.Keiyo
578,JR-East.Keiyo
579,JR-East.Keiyo
580,JR-East.Keiyo
581,JR-East.Keiyo
582,JR-East.Keiyo
583,JR-East.Keiyo
584,JR-East.Keiyo
585,JR-East.Keiyo
586,JR-East.Keiyo
587,JR-East.Keiyo
588,JR-East.Keiyo
589,JR-East.Keiyo
590,JR-East.Keiyo
591,JR-East.Keiyo
592,JR-East.Keiyo
593,JR-East.Keiyo
594,JR-East.Keiyo
595,JR-East.Keiyo
596,JR-East.Keiyo
597,JR-East.Keiyo
598,JR-East.JobanRapid
599,JR-East.Joban
600,JR-East.Joban
601,JR-East.JobanRapid
602,JR-East.JobanRapid
603,JR-East.Joban
604,JR-East.JobanRapid
605,JR-East.JobanRapid
606,JR-East.JobanRapid
607,JR-East.Joban
608,JR-East.JobanRapid
609,JR-East.Joban
610,JR-East.JobanRapid
611,JR-East.JobanRapid
612,JR-East.JobanRapid
613,JR-East.SaikyoKawagoe
614,JR-East.SaikyoKawagoe
615,JR-East.SaikyoKawagoe
616,JR-East.SaikyoKawagoe
617,JR-East.SaikyoKawagoe
618,JR-East.SaikyoKawagoe
619,JR-East.SaikyoKawagoe
620,JR-East.SaikyoKawagoe
621,JR-East.SaikyoKawagoe
622,JR-East.SaikyoKawagoe
623,JR-East.SaikyoKawagoe
624,JR-East.SaikyoKawagoe
625,JR-East.SaikyoKawagoe
626,JR-East.SaikyoKawagoe
627,JR-East.SaikyoKawagoe
628,JR-East.SaikyoKawagoe
629,JR-East.SaikyoKawagoe
630,JR-East.SaikyoKawagoe
631,JR-East.SaikyoKawagoe
632,JR-East.SaikyoKawagoe
633,JR-East.SaikyoKawagoe
634,JR-East.SaikyoKawagoe
635,JR-East.SaikyoKawagoe
636,JR-East.SaikyoKawagoe
637,JR-East.SaikyoKawagoe
638,JR-East.SaikyoKawagoe
639,JR-East.SaikyoKawagoe
640,JR-East.Nambu
641,JR-East.Nambu
642,JR-East.Nambu
643,JR-East.Nambu
644,JR-East.Nambu
645,JR-East.Nambu
646,JR-East.Nambu
647,JR-East.Nambu
648,JR-East.Nambu
649,JR-East.Nambu
650,JR-East.Nambu
651,JR-East.Nambu
652,JR-East.Nambu
653,JR-East.Nambu
654,JR-East.Nambu
655,JR-East.Nambu
656,JR-East.Nambu
657,JR-East.Nambu
658,JR-East.Nambu
659,JR-East.Nambu
660,JR-East.Nambu
661,JR-East.Nambu
662,JR-East.Nambu
663,JR-East.Nambu
664,JR-East.Nambu
665,JR-East.Nambu
666,JR-East.Nambu
667,JR-East.Nambu
668,JR-East.Takasaki
669,JR-East.Takasaki
670,JR-East.Yamanote
671,JR-East.Yamanote
672,JR-East.Yamanote
673,JR-East.Yamanote
674,JR-East.Yamanote
675,JR-East.Yamanote
676,JR-East.Yamanote
677,JR-East.Yamanote
678,JR-East.Yamanote
679,JR-East.Yamanote
680,JR-East.Yamanote
681,JR-East.Yamanote
682,JR-East.Yamanote
683,JR-East.Yamanote
684,JR-East.Yamanote
685,JR-East.Yamanote
686,JR-East.Yamanote
687,JR-East.Yamanote
688,JR-East.Yamanote
689,JR-East.Yamanote
690,JR-East.Yamanote
691,JR-East.Yamanote
692,JR-East.Yamanote
693,JR-East.Yamanote
694,JR-East.Yamanote
695,JR-East.Yamanote
696,JR-East.Yamanote
697,JR-East.Yamanote
698,JR-East.Yamanote
699,JR-East.Yamanote
700,JR-East.Yamanote
701,JR-East.Yamanote
702,JR-East.Yamanote
703,JR-East.Yamanote
704,JR-East.Yamanote
705,JR-East.Yamanote
706,JR-East.Yamanote
707,JR-East.Yamanote
708,JR-East.Yamanote
709,JR-East.Yamanote
710,JR-East.Yamanote
711,JR-East.Yamanote
712,JR-East.Yamanote
713,JR-East.Yamanote
714,JR-East.Yamanote
715,JR-East.Yamanote
716,JR-East.Yamanote
717,JR-East.Yamanote
718,JR-East.Tokaido
719,JR-East.Yokosuka
720,JR-East.Yokosuka
721,JR-East.Yokosuka
722,JR-East.Yokosuka
723,JR-East.Yokosuka
724,JR-East.Yokosuka
725,JR-East.Yokosuka
726,JR-East.Yokosuka
727,JR-East.Yokosuka
728,JR-East.Yokosuka
729,JR-East.Yokosuka
730,JR-East.Yokosuka
731,JR-East.Yokosuka
732,JR-East.Yokosuka
733,JR-East.Yokosuka
734,JR-East.Yokosuka
735,JR-East.Yokosuka
736,JR-East.Yokosuka
737,JR-East.Yokosuka
738,JR-East.Yokosuka
739,JR-East.Yokosuka
740,JR-East.Yokosuka
741,JR-East.Yokosuka
742,JR-East.Chuo
743,JR-East.Chuo
744,JR-East.Chuo
745,JR-East.Chuo
746,JR-East.Chuo
747,JR-East.Chuo
748,JR-East.Chuo
749,JR-East.Chuo
750,JR-East.Chuo
751,JR-East.Chuo
752,JR-East.Chuo
753,JR-East.Chuo
754,JR-East.ChuoRapid
755,JR-East.ChuoRapid
756,JR-East.Chuo
757,JR-East.Chuo
758,JR-East.ChuoRapid
759,JR-East.ChuoRapid
760,JR-East.ChuoRapid
761,JR-East.Yokohama
762,JR-East.Yokohama
763,JR-East.Yokohama
764,JR-East.Yokohama
765,JR-East.Yokohama
766,JR-East.Yokohama
767,JR-East.Yokohama
768,JR-East.Yokohama
769,JR-East.Yokohama
770,JR-East.Yokohama
771,JR-East.KeihinTohokuNegishi
772,JR-East.KeihinTohokuNegishi
773,JR-East.Yokohama
774,JR-East.Yokohama
775,JR-East.Yokohama
776,JR-East.KeihinTohokuNegishi
777,JR-East.Yokohama
778,JR-East.Yokohama
779,JR-East.Yokohama
780,JR-East.Yokohama
781,JR-East.Yokohama
782,JR-East.Yokohama
783,JR-East.Yokohama
784,JR-East.Yokohama
785,JR-East.Itsukaichi
786,JR-East.Itsukaichi
787,JR-East.Itsukaichi
788,JR-East.Ome
789,JR-East.Musashino
790,JR-East.Musashino
791,JR-East.Keiyo
792,JR-East.Keiyo
793,JR-East.Musashino
794,JR-East.Musashino
795,JR-East.Musashino
796,JR-East.Musashino
797,JR-East.Musashino
798,JR-East.Musashino
799,JR-East.Musashino
800,JR-East.Musashino
801,JR-East.Musashino
802,JR-East.Keiyo
803,JR-East.Keiyo
804,JR-East.Keiyo
805,JR-East.Keiyo
806,JR-East.Musashino
807,JR-East.Musashino
808,JR-East.Musashino
809,JR-East.Musashino
810,JR-East.Musashino
811,JR-East.Musashino
812,JR-East.Keiyo
813,JR-East.Musashino
814,JR-East.Musashino
815,JR-East.Musashino
816,JR-East.Musashino
817,JR-East.Musashino
818,JR-East.SobuRapid
819,JR-East.SobuRapid
820,JR-East.SobuRapid
821,JR-East.SobuRapid
822,JR-East.SobuRapid
823,JR-East.SobuRapid
824,JR-East.SobuRapid
825,JR-East.SobuRapid
826,JR-East.SobuRapid
827,JR-East.SobuRapid
828,JR-East.SobuRapid
829,JR-East.SobuRapid
830,JR-East.SobuRapid
831,JR-East.SobuRapid
832,JR-East.SobuRapid
833,JR-East.SobuRapid
834,JR-East.ShonanShinjuku
835,JR-East.Utsunomiya
836,JR-East.ShonanShinjuku
837,JR-East.ShonanShinjuku
838,JR-East.Utsunomiya
839,JR-East.ShonanShinjuku
840,JR-East.Utsunomiya
841,JR-East.ShonanShinjuku
842,JR-East.ShonanShinjuku
843,JR-East.Utsunomiya
844,JR-East.Utsunomiya
845,JR-East.Utsunomiya
846,JR-East.ShonanShinjuku
847,JR-East.ShonanShinjuku
848,JR-East.ShonanShinjuku
849,JR-East.ShonanShinjuku
850,JR-East.ShonanShinjuku
851,JR-East.Tokaido
852,JR-East.Takasaki
853,JR-East.Takasaki
854,JR-East.ShonanShinjuku
855,JR-East.ShonanShinjuku
856,JR-East.ShonanShinjuku
857,JR-East.Takasaki
858,JR-East.Takasaki
859,JR-East.ShonanShinjuku
860,JR-East.Tokaido
861,JR-East.ShonanShinjuku
862,JR-East.ShonanShinjuku
863,JR-East.ShonanShinjuku
864,JR-East.ShonanShinjuku
865,JR-East.Utsunomiya
866,JR-East.Utsunomiya
867,JR-East.Utsunomiya
868,JR-East.Utsunomiya
869,JR-East.Utsunomiya
870,JR-East.Utsunomiya
871,JR-East.Utsunomiya
872,JR-East.KeihinTohokuNegishi
873,JR-East.KeihinTohokuNegishi
874,JR-East.KeihinTohokuNegishi
875,JR-East.KeihinTohokuNegishi
876,JR-East.KeihinTohokuNegishi
877,JR-East.KeihinTohokuNegishi
878,JR-East.KeihinTohokuNegishi
879,JR-East.KeihinTohokuNegishi
880,JR-East.KeihinTohokuNegishi
881,JR-East.KeihinTohokuNegishi
882,JR-East.KeihinTohokuNegishi
883,JR-East.KeihinTohokuNegishi
884,JR-East.KeihinTohokuNegishi
885,JR-East.KeihinTohokuNegishi
886,JR-East.KeihinTohokuNegishi
887,JR-East.KeihinTohokuNegishi
888,JR-East.KeihinTohokuNegishi
889,JR-East.KeihinTohokuNegishi
890,JR-East.KeihinTohokuNegishi
891,JR-East.KeihinTohokuNegishi
892,JR-East.KeihinTohokuNegishi
893,JR-East.KeihinTohokuNegishi
894,JR-East.KeihinTohokuNegishi
895,JR-East.KeihinTohokuNegishi
896,JR-East.KeihinTohokuNegishi
897,JR-East.KeihinTohokuNegishi
898,JR-East.KeihinTohokuNegishi
899,JR-East.KeihinTohokuNegishi
900,JR-East.KeihinTohokuNegishi
901,JR-East.KeihinTohokuNegishi
902,JR-East.KeihinTohokuNegishi
903,JR-East.KeihinTohokuNegishi
904,JR-East.KeihinTohokuNegishi
905,JR-East.KeihinTohokuNegishi
906,JR-East.KeihinTohokuNegishi
907,JR-East.KeihinTohokuNegishi
908,JR-East.KeihinTohokuNegishi
909,JR-East.KeihinTohokuNegishi
910,JR-East.KeihinTohokuNegishi
911,JR-East.KeihinTohokuNegishi
912,JR-East.KeihinTohokuNegishi
913,JR-East.KeihinTohokuNegishi
914,JR-East.KeihinTohokuNegishi
915,JR-East.KeihinTohokuNegishi
916,JR-East.KeihinTohokuNegishi
917,JR-East.KeihinTohokuNegishi
918,JR-East.KeihinTohokuNegishi
919,JR-East.KeihinTohokuNegishi
920,JR-East.KeihinTohokuNegishi
921,JR-East.KeihinTohokuNegishi
922,JR-East.KeihinTohokuNegishi
923,JR-East.KeihinTohokuNegishi
924,JR-East.KeihinTohokuNegishi
925,JR-East.KeihinTohokuNegishi
926,JR-East.KeihinTohokuNegishi
927,JR-East.KeihinTohokuNegishi
928,JR-East.KeihinTohokuNegishi
929,JR-East.KeihinTohokuNegishi
930,JR-East.KeihinTohokuNegishi
931,JR-East.KeihinTohokuNegishi
932,JR-East.KeihinTohokuNegishi
933,JR-East.KeihinTohokuNegishi
934,JR-East.KeihinTohokuNegishi
935,JR-East.KeihinTohokuNegishi
936,JR-East.KeihinTohokuNegishi
937,JR-East.KeihinTohokuNegishi
938,JR-East.KeihinTohokuNegishi
939,JR-East.KeihinTohokuNegishi
940,JR-East.KeihinTohokuNegishi
941,JR-East.KeihinTohokuNegishi
942,JR-East.KeihinTohokuNegishi
943,JR-East.KeihinTohokuNegishi
944,JR-East.KeihinTohokuNegishi
945,JR-East.KeihinTohokuNegishi
946,JR-East.KeihinTohokuNegishi
947,JR-East.KeihinTohokuNegishi
948,JR-East.ChuoSobuLocal
949,JR-East.ChuoSobuLocal
950,JR-East.ChuoSobuLocal
951,JR-East.ChuoSobuLocal
952,JR-East.ChuoSobuLocal
953,JR-East.ChuoSobuLocal
954,JR-East.ChuoSobuLocal
955,JR-East.ChuoSobuLocal
956,JR-East.ChuoSobuLocal
957,JR-East.ChuoSobuLocal
958,JR-East.ChuoSobuLocal
959,JR-East.ChuoSobuLocal
960,JR-East.ChuoSobuLocal
961,JR-East.ChuoSobuLocal
962,JR-East.ChuoSobuLocal
963,JR-East.ChuoSobuLocal
964,JR-East.ChuoSobuLocal
965,JR-East.ChuoSobuLocal
966,JR-East.ChuoSobuLocal
967,JR-East.ChuoSobuLocal
968,JR-East.ChuoSobuLocal
969,JR-East.ChuoSobuLocal
970,JR-East.ChuoSobuLocal
971,JR-East.ChuoSobuLocal
972,JR-East.ChuoSobuLocal
973,JR-East.ChuoSobuLocal
974,JR-East.ChuoSobuLocal
975,JR-East.ChuoSobuLocal
976,JR-East.ChuoSobuLocal
977,JR-East.ChuoSobuLocal
978,JR-East.ChuoSobuLocal
979,JR-East.ChuoSobuLocal
980,JR-East.ChuoSobuLocal
981,JR-East.ChuoSobuLocal
982,JR-East.ChuoSobuLocal
983,JR-East.ChuoSobuLocal
984,JR-East.ChuoSobuLocal
985,JR-East.ChuoSobuLocal
986,JR-East.ChuoSobuLocal
987,JR-East.ChuoSobuLocal
988,JR-East.ChuoSobuLocal
989,JR-East.ChuoSobuLocal
990,JR-East.ChuoSobuLocal
991,JR-East.ChuoSobuLocal
992,JR-East.ChuoSobuLocal
993,JR-East.ChuoSobuLocal
994,JR-East.ChuoSobuLocal
995,JR-East.ChuoSobuLocal
996,JR-East.ChuoSobuLocal
997,JR-East.ChuoSobuLocal
998,JR-East.ChuoSobuLocal
999,JR-East.ChuoSobuLocal
1000,JR-East.ChuoSobuLocal
1001,JR-East.ChuoSobuLocal
1002,JR-East.ChuoSobuLocal
1003,JR-East.ChuoSobuLocal
1004,JR-East.ChuoSobuLocal
1005,JR-East.Kawagoe
1006,JR-East.Kawagoe
1007,JR-East.Kawagoe
1008,JR-East.Kawagoe
1009,JR-East.JobanRapid
1010,JR-East.JobanRapid
1011,JR-East.JobanRapid
1012,JR-East.JobanRapid
1013,JR-East.JobanRapid
1014,JR-East.JobanRapid
1015,JR-East.JobanRapid
1016,JR-East.JobanRapid
1017,JR-East.JobanRapid
1018,JR-East.JobanRapid
1019,JR-East.Ome
1020,JR-East.Ome
1021,JR-East.Ome
1022,JR-East.Ome
1023,JR-East.Ome
1024,JR-East.Ome
1025,JR-East.Tokaido
1026,JR-East.Tokaido
1027,JR-East.Tokaido
1028,JR-East.Tokaido
1029,JR-East.Tokaido
1030,JR-East.Tokaido
1031,JR-East.Tokaido
1032,JR-East.Tokaido
1033,JR-East.Tokaido
1034,JR-East.Tokaido
1035,JR-East.Utsunomiya
1036,JR-East.Utsunomiya
1037,JR-East.Utsunomiya
1038,JR-East.Utsunomiya
1039,JR-East.Utsunomiya
1040,JR-East.Utsunomiya
1041,JR-East.Utsunomiya
1042,JR-East.Utsunomiya
1043,JR-East.Utsunomiya
1044,JR-East.Utsunomiya
1045,JR-East.Utsunomiya
1046,JR-East.Utsunomiya
1047,JR-East.Utsunomiya
1048,JR-East.Utsunomiya
1049,JR-East.Utsunomiya
1050,JR-East.JobanRapid
1051,JR-East.Tokaido
1052,JR-East.Tokaido
1053,JR-East.Tokaido
1054,JR-East.Tokaido
1055,JR-East.Tokaido
1056,JR-East.Tokaido
1057,JR-East.JobanRapid
1058,JR-East.Tokaido
1059,JR-East.Tokaido
1060,JR-East.Tokaido
1061,JR-East.Tokaido
1062,JR-East.Tokaido
1063,JR-East.Tokaido
1064,JR-East.Takasaki
1065,JR-East.Tokaido
1066,JR-East.Takasaki
1067,JR-East.Takasaki
1068,JR-East.Takasaki
1069,JR-East.Takasaki
1070,JR-East.Takasaki
1071,JR-East.Takasaki
1072,JR-East.Utsunomiya
1073,JR-East.Takasaki
1074,JR-East.Takasaki
1075,JR-East.Takasaki
1076,JR-East.Takasaki
1077,JR-East.Takasaki
1078,JR-East.Tokaido
1079,JR-East.Tokaido
1080,JR-East.Tokaido
1081,JR-East.Tokaido
1082,JR-East.Tokaido
1083,JR-East.Tokaido
1084,JR-East.Joban
1085,JR-East.JobanRapid
1086,JR-East.JobanRapid
1087,JR-East.Joban
1088,JR-East.JobanRapid
1089,JR-East.SobuRapid
1090,JR-East.Yokosuka
1091,JR-East.SobuRapid
1092,JR-East.ChuoRapid
1093,JR-East.ChuoRapid
1094,JR-East.ChuoRapid
1095,JR-East.ChuoRapid
1096,JR-East.ChuoRapid
1097,JR-East.ChuoRapid
1098,JR-East.ChuoRapid
1099,JR-East.ChuoRapid
1100,JR-East.ChuoRapid
1101,JR-East.ChuoRapid
1102,JR-East.ChuoRapid
1103,JR-East.ChuoRapid
1104,JR-East.ChuoRapid
1105,JR-East.ChuoRapid
1106,JR-East.ChuoRapid
1107,JR-East.ChuoRapid
1108,JR-East.ChuoRapid
1109,JR-East.ChuoRapid
1110,JR-East.ChuoRapid
1111,JR-East.ChuoRapid
1112,JR-East.ChuoRapid
1113,JR-East.ChuoRapid
1114,JR-East.ChuoRapid
1115,JR-East.ChuoRapid
1116,JR-East.ChuoRapid
1117,JR-East.ChuoRapid
1118,JR-East.ChuoRapid
1119,JR-East.ChuoRapid
1120,JR-East.ChuoRapid
1121,JR-East.ChuoRapid
1122,JR-East.ChuoRapid
1123,JR-East.ChuoRapid
1124,JR-East.ChuoRapid
1125,JR-East.ChuoRapid
1126,JR-East.ChuoRapid
1127,JR-East.ChuoRapid
1128,JR-East.ChuoRapid
1129,JR-East.ChuoRapid
1130,JR-East.ChuoRapid
1131,JR-East.ChuoRapid
1132,JR-East.ChuoRapid
1133,JR-East.ChuoRapid
1134,JR-East.ChuoRapid
1135,JR-East.ChuoRapid
1136,JR-East.ChuoRapid
1137,JR-East.ChuoRapid
1138,JR-East.ChuoRapid
1139,JR-East.ChuoRapid
1140,JR-East.ChuoRapid
1141,JR-East.ChuoRapid
1142,JR-East.ChuoRapid
1143,JR-East.ChuoRapid
1144,JR-East.ChuoRapid
1145,JR-East.JobanLocal
1146,JR-East.JobanLocal
1147,JR-East.JobanLocal
1148,JR-East.JobanLocal
1149,JR-East.JobanLocal
1150,JR-East.JobanLocal
1151,JR-East.JobanLocal
1152,JR-East.JobanLocal
1153,JR-East.JobanLocal
1154,JR-East.JobanLocal
1155,JR-East.Keiyo
1156,JR-East.Keiyo
1157,JR-East.Keiyo
1158,JR-East.Keiyo
1159,JR-East.Keiyo
1160,JR-East.Keiyo
1161,JR-East.Keiyo
1162,JR-East.Keiyo
1163,JR-East.Keiyo
1164,JR-East.Keiyo
1165,JR-East.Keiyo
1166,JR-East.Keiyo
1167,JR-East.Keiyo
1168,JR-East.Keiyo
1169,JR-East.Keiyo
1170,JR-East.Keiyo
1171,JR-East.Keiyo
1172,JR-East.Keiyo
1173,JR-East.Keiyo
1174,JR-East.Keiyo
1175,JR-East.Keiyo
1176,JR-East.JobanRapid
1177,JR-East.Joban
1178,JR-East.Joban
1179,JR-East.JobanRapid
1180,JR-East.JobanRapid
1181,JR-East.Joban
1182,JR-East.JobanRapid
1183,JR-East.JobanRapid
1184,JR-East.JobanRapid
1185,JR-East.Joban
1186,JR-East.JobanRapid
1187,JR-East.Joban
1188,JR-East.JobanRapid
1189,JR-East.JobanRapid
1190,JR-East.JobanRapid
1191,JR-East.SaikyoKawagoe
1192,JR-East.SaikyoKawagoe
1193,JR-East.SaikyoKawagoe
1194,JR-East.SaikyoKawagoe
1195,JR-East.SaikyoKawagoe
1196,JR-East.SaikyoKawagoe
1197,JR-East.SaikyoKawagoe
1198,JR-East.SaikyoKawagoe
1199,JR-East.SaikyoKawagoe
1200,JR-East.SaikyoKawagoe
1201,JR-East.SaikyoKawagoe
1202,JR-East.SaikyoKawagoe
1203,JR-East.SaikyoKawagoe
1204,JR-East.SaikyoKawagoe
1205,JR-East.SaikyoKawagoe
1206,JR-East.SaikyoKawagoe
1207,JR-East.SaikyoKawagoe
1208,JR-East.SaikyoKawagoe
1209,JR-East.SaikyoKawagoe
1210,JR-East.SaikyoKawagoe
1211,JR-East.SaikyoKawagoe
1212,JR-East.SaikyoKawagoe
1213,JR-East.SaikyoKawagoe
1214,JR-East.SaikyoKawagoe
1215,JR-East.SaikyoKawagoe
1216,JR-East.SaikyoKawagoe
1217,JR-East.SaikyoKawagoe
1218,JR-East.Nambu
1219,JR-East.Nambu
1220,JR-East.Nambu
1221,JR-East.Nambu
1222,JR-East.Nambu
1223,JR-East.Nambu
1224,JR-East.Nambu
1225,JR-East.Nambu
1226,JR-East.Nambu
1227,JR-East.Nambu
1228,JR-East.Nambu
1229,JR-East.Nambu
1230,JR-East.Nambu
1231,JR-East.Nambu
1232,JR-East.Nambu
1233,JR-East.Nambu
1234,JR-East.Nambu
1235,JR-East.Nambu
1236,JR-East.Nambu
1237,JR-East.Nambu
1238,JR-East.Nambu
1239,JR-East.Nambu
1240,JR-East.Nambu
1241,JR-East.Nambu
1242,JR-East.Nambu
1243,JR-East.Nambu
1244,JR-East.Nambu
1245,JR-East.Nambu
1246,JR-East.Takasaki
1247,JR-East.Takasaki
1248,JR-East.Yamanote
1249,JR-East.Yamanote
1250,JR-East.Yamanote
1251,JR-East.Yamanote
1252,JR-East.Yamanote
1253,JR-East.Yamanote
1254,JR-East.Yamanote
1255,JR-East.Yamanote
1256,JR-East.Yamanote
1257,JR-East.Yamanote
1258,JR-East.Yamanote
1259,JR-East.Yamanote
1260,JR-East.Yamanote
1261,JR-East.Yamanote
1262,JR-East.Yamanote
1263,JR-East.Yamanote
1264,JR-East.Yamanote
1265,JR-East.Yamanote
1266,JR-East.Yamanote
1267,JR-East.Yamanote
1268,JR-East.Yamanote
1269,JR-East.Yamanote
1270,JR-East.Yamanote
1271,JR-East.Yamanote
1272,JR-East.Yamanote
1273,JR-East.Yamanote
1274,JR-East.Yamanote
1275,JR-East.Yamanote
1276,JR-East.Yamanote
1277,JR-East.Yamanote
1278,JR-East.Yamanote
1279,JR-East.Yamanote
1280,JR-East.Yamanote
1281,JR-East.Yamanote
1282,JR-East.Yamanote
1283,JR-East.Yamanote
1284,JR-East.Yamanote
1285,JR-East.Yamanote
1286,JR-East.Yamanote
1287,JR-East.Yamanote
1288,JR-East.Yamanote
1289,JR-East.Yamanote
1290,JR-East.Yamanote
1291,JR-East.Yamanote
1292,JR-East.Yamanote
1293,JR-East.Yamanote
1294,JR-East.Yamanote
1295,JR-East.Yamanote
1296,JR-East.Tokaido
1297,JR-East.Yokosuka
1298,JR-East.Yokosuka
1299,JR-East.Yokosuka
1300,JR-East.Yokosuka
1301,JR-East.Yokosuka
1302,JR-East.Yokosuka
1303,JR-East.Yokosuka
1304,JR-East.Yokosuka
1305,JR-East.Yokosuka
1306,JR-East.Yokosuka
1307,JR-East.Yokosuka
1308,JR-East.Yokosuka
1309,JR-East.Yokosuka
1310,JR-East.Yokosuka
1311,JR-East.Yokosuka
1312,JR-East.Yokosuka
1313,JR-East.Yokosuka
1314,JR-East.Yokosuka
1315,JR-East.Yokosuka
1316,JR-East.Yokosuka
1317,JR-East.Yokosuka
1318,JR-East.Yokosuka
1319,JR-East.Yokosuka
1320,JR-East.Chuo
1321,JR-East.Chuo
1322,JR-East.Chuo
1323,JR-East.Chuo
1324,JR-East.Chuo
1325,JR-East.Chuo
1326,JR-East.Chuo
1327,JR-East.Chuo
1328,JR-East.Chuo
1329,JR-East.Chuo
1330,JR-East.Chuo
1331,JR-East.Chuo
1332,JR-East.ChuoRapid
1333,JR-East.ChuoRapid
1334,JR-East.Chuo
1335,JR-East.Chuo
1336,JR-East.ChuoRapid
1337,JR-East.ChuoRapid
1338,JR-East.ChuoRapid
1339,JR-East.Yokohama
1340,JR-East.Yokohama
1341,JR-East.Yokohama
1342,JR-East.Yokohama
1343,JR-East.Yokohama
1344,JR-East.Yokohama
1345,JR-East.Yokohama
1346,JR-East.Yokohama
1347,JR-East.Yokohama
1348,JR-East.Yokohama
1349,JR-East.KeihinTohokuNegishi
1350,JR-East.KeihinTohokuNegishi
1351,JR-East.Yokohama
1352,JR-East.Yokohama
1353,JR-East.Yokohama
1354,JR-East.KeihinTohokuNegishi
1355,JR-East.Yokohama
1356,JR-East.Yokohama
1357,JR-East.Yokohama
1358,JR-East.Yokohama
1359,JR-East.Yokohama
1360,JR-East.Yokohama
1361,JR-East.Yokohama
1362,JR-East.Yokohama
1363,JR-East.Itsukaichi
1364,JR-East.Itsukaichi
1365,JR-East.Itsukaichi
1366,JR-East.Ome
1367,JR-East.Musashino
1368,JR-East.Musashino
1369,JR-East.Keiyo
1370,JR-East.Keiyo
1371,JR-East.Musashino
1372,JR-East.Musashino
1373,JR-East.Musashino
1374,JR-East.Musashino
1375,JR-East.Musashino
1376,JR-East.Musashino
1377,JR-East.Musashino
1378,JR-East.Musashino
1379,JR-East.Musashino
1380,JR-East.Keiyo
1381,JR-East.Keiyo
1382,JR-East.Keiyo
1383,JR-East.Keiyo
1384,JR-East.Musashino
1385,JR-East.Musashino
1386,JR-East.Musashino
1387,JR-East.Musashino
1388,JR-East.Musashino
1389,JR-East.Musashino
1390,JR-East.Keiyo
1391,JR-East.Musashino
1392,JR-East.Musashino
1393,JR-East.Musashino
1394,JR-East.Musashino
1395,JR-East.Musashino
1396,JR-East.SobuRapid
1397,JR-East.SobuRapid
1398,JR-East.SobuRapid
1399,JR-East.SobuRapid
1400,JR-East.SobuRapid
1401,JR-East.SobuRapid
1402,JR-East.SobuRapid
1403,JR-East.SobuRapid
1404,JR-East.SobuRapid
1405,JR-East.SobuRapid
1406,JR-East.SobuRapid
1407,JR-East.SobuRapid
1408,JR-East.SobuRapid
1409,JR-East.SobuRapid
1410,JR-East.SobuRapid
1411,JR-East.SobuRapid
1412,JR-East.ShonanShinjuku
1413,JR-East.Utsunomiya
1414,JR-East.ShonanShinjuku
1415,JR-East.ShonanShinjuku
1416,JR-East.Utsunomiya
1417,JR-East.ShonanShinjuku
1418,JR-East.Utsunomiya
1419,JR-East.ShonanShinjuku
1420,JR-East.ShonanShinjuku
1421,JR-East.Utsunomiya
1422,JR-East.Utsunomiya
1423,JR-East.Utsunomiya
1424,JR-East.ShonanShinjuku
1425,JR-East.ShonanShinjuku
1426,JR-East.ShonanShinjuku
1427,JR-East.ShonanShinjuku
1428,JR-East.ShonanShinjuku
1429,JR-East.Tokaido
1430,JR-East.Takasaki
1431,JR-East.Takasaki
1432,JR-East.ShonanShinjuku
1433,JR-East.ShonanShinjuku
1434,JR-East.ShonanShinjuku
1435,JR-East.Takasaki
1436,JR-East.Takasaki
1437,JR-East.ShonanShinjuku
1438,JR-East.Tokaido
1439,JR-East.ShonanShinjuku
1440,JR-East.ShonanShinjuku
1441,JR-East.ShonanShinjuku
1442,JR-East.ShonanShinjuku
1443,JR-East.Utsunomiya
1444,JR-East.Utsunomiya
1445,JR-East.Utsunomiya
1446,JR-East.Utsunomiya
1447,JR-East.Utsunomiya
1448,JR-East.Utsunomiya
1449,JR-East.Utsunomiya
1450,JR-East.KeihinTohokuNegishi
1451,JR-East.KeihinTohokuNegishi
1452,JR-East.KeihinTohokuNegishi
1453,JR-East.KeihinTohokuNegishi
1454,JR-East.KeihinTohokuNegishi
1455,JR-East.KeihinTohokuNegishi
1456,JR-East.KeihinTohokuNegishi
1457,JR-East.KeihinTohokuNegishi
1458,JR-East.KeihinTohokuNegishi
1459,JR-East.KeihinTohokuNegishi
1460,JR-East.KeihinTohokuNegishi
1461,JR-East.KeihinTohokuNegishi
1462,JR-East.KeihinTohokuNegishi
1463,JR-East.KeihinTohokuNegishi
1464,JR-East.KeihinTohokuNegishi
1465,JR-East.KeihinTohokuNegishi
1466,JR-East.KeihinTohokuNegishi
1467,JR-East.KeihinTohokuNegishi
1468,JR-East.KeihinTohokuNegishi
1469,JR-East.KeihinTohokuNegishi
1470,JR-East.KeihinTohokuNegishi
1471,JR-East.KeihinTohokuNegishi
1472,JR-East.KeihinTohokuNegishi
1473,JR-East.KeihinTohokuNegishi
1474,JR-East.KeihinTohokuNegishi
1475,JR-East.KeihinTohokuNegishi
1476,JR-East.KeihinTohokuNegishi
1477,JR-East.KeihinTohokuNegishi
1478,JR-East.KeihinTohokuNegishi
1479,JR-East.KeihinTohokuNegishi
1480,JR-East.KeihinTohokuNegishi
1481,JR-East.KeihinTohokuNegishi
1482,JR-East.KeihinTohokuNegishi
1483,JR-East.KeihinTohokuNegishi
1484,JR-East.KeihinTohokuNegishi
1485,JR-East.KeihinTohokuNegishi
1486,JR-East.KeihinTohokuNegishi
1487,JR-East.KeihinTohokuNegishi
1488,JR-East.KeihinTohokuNegishi
1489,JR-East.KeihinTohokuNegishi
1490,JR-East.KeihinTohokuNegishi
1491,JR-East.KeihinTohokuNegishi
1492,JR-East.KeihinTohokuNegishi
1493,JR-East.KeihinTohokuNegishi
1494,JR-East.KeihinTohokuNegishi
1495,JR-East.KeihinTohokuNegishi
1496,JR-East.KeihinTohokuNegishi
1497,JR-East.KeihinTohokuNegishi
1498,JR-East.KeihinTohokuNegishi
1499,JR-East.KeihinTohokuNegishi
1500,JR-East.KeihinTohokuNegishi
1501,JR-East.KeihinTohokuNegishi
1502,JR-East.KeihinTohokuNegishi
1503,JR-East.KeihinTohokuNegishi
1504,JR-East.KeihinTohokuNegishi
1505,JR-East.KeihinTohokuNegishi
1506,JR-East.KeihinTohokuNegishi
1507,JR-East.KeihinTohokuNegishi
1508,JR-East.KeihinTohokuNegishi
1509,JR-East.KeihinTohokuNegishi
1510,JR-East.KeihinTohokuNegishi
1511,JR-East.KeihinTohokuNegishi
1512,JR-East.KeihinTohokuNegishi
1513,JR-East.KeihinTohokuNegishi
1514,JR-East.KeihinTohokuNegishi
1515,JR-East.KeihinTohokuNegishi
1516,JR-East.KeihinTohokuNegishi
1517,JR-East.KeihinTohokuNegishi
1518,JR-East.KeihinTohokuNegishi
1519,JR-East.KeihinTohokuNegishi
1520,JR-East.KeihinTohokuNegishi
1521,JR-East.KeihinTohokuNegishi
1522,JR-East.KeihinTohokuNegishi
1523,JR-East.KeihinTohokuNegishi
1524,JR-East.KeihinTohokuNegishi
1525,JR-East.KeihinTohokuNegishi
1526,JR-East.ChuoSobuLocal
1527,JR-East.ChuoSobuLocal
1528,JR-East.ChuoSobuLocal
1529,JR-East.ChuoSobuLocal
1530,JR-East.ChuoSobuLocal
1531,JR-East.ChuoSobuLocal
1532,JR-East.ChuoSobuLocal
1533,JR-East.ChuoSobuLocal
1534,JR-East.ChuoSobuLocal
1535,JR-East.ChuoSobuLocal
1536,JR-East.ChuoSobuLocal
1537,JR-East.ChuoSobuLocal
1538,JR-East.ChuoSobuLocal
1539,JR-East.ChuoSobuLocal
1540,JR-East.ChuoSobuLocal
1541,JR-East.ChuoSobuLocal
1542,JR-East.ChuoSobuLocal
1543,JR-East.ChuoSobuLocal
1544,JR-East.ChuoSobuLocal
1545,JR-East.ChuoSobuLocal
1546,JR-East.ChuoSobuLocal
1547,JR-East.ChuoSobuLocal
1548,JR-East.ChuoSobuLocal
1549,JR-East.ChuoSobuLocal
1550,JR-East.ChuoSobuLocal
1551,JR-East.ChuoSobuLocal
1552,JR-East.ChuoSobuLocal
1553,JR-East.ChuoSobuLocal
1554,JR-East.ChuoSobuLocal
1555,JR-East.ChuoSobuLocal
1556,JR-East.ChuoSobuLocal
1557,JR-East.ChuoSobuLocal
1558,JR-East.ChuoSobuLocal
1559,JR-East.ChuoSobuLocal
1560,JR-East.ChuoSobuLocal
1561,JR-East.ChuoSobuLocal
1562,JR-East.ChuoSobuLocal
1563,JR-East.ChuoSobuLocal
1564,JR-East.ChuoSobuLocal
1565,JR-East.ChuoSobuLocal
1566,JR-East.ChuoSobuLocal
1567,JR-East.ChuoSobuLocal
1568,JR-East.ChuoSobuLocal
1569,JR-East.ChuoSobuLocal
1570,JR-East.ChuoSobuLocal
1571,JR-East.ChuoSobuLocal
1572,JR-East.ChuoSobuLocal
1573,JR-East.ChuoSobuLocal
1574,JR-East.ChuoSobuLocal
1575,JR-East.ChuoSobuLocal
1576,JR-East.ChuoSobuLocal
1577,JR-East.ChuoSobuLocal
1578,JR-East.ChuoSobuLocal
1579,JR-East.ChuoSobuLocal
1580,JR-East.ChuoSobuLocal
1581,JR-East.ChuoSobuLocal
1582,JR-East.ChuoSobuLocal
1583,JR-East.Kawagoe
1584,JR-East.Kawagoe
1585,JR-East.Kawagoe
1586,JR-East.Kawagoe
1587,JR-East.JobanRapid
1588,JR-East.JobanRapid
1589,JR-East.JobanRapid
1590,JR-East.JobanRapid
1591,JR-East.JobanRapid
1592,JR-East.JobanRapid
1593,JR-East.JobanRapid
1594,JR-East.JobanRapid
1595,JR-East.JobanRapid
1596,JR-East.JobanRapid
1597,JR-East.Ome
1598,JR-East.Ome
1599,JR-East.Ome
1600,JR-East.Ome
1601,JR-East.Ome
1602,JR-East.Ome
1603,JR-East.Tokaido
1604,JR-East.Tokaido
1605,JR-East.Tokaido
1606,JR-East.Tokaido
1607,JR-East.Tokaido
1608,JR-East.Tokaido
1609,JR-East.Tokaido
1610,JR-East.Tokaido
1611,JR-East.Tokaido
1612,JR-East.Tokaido
1613,JR-East.Utsunomiya
1614,JR-East.Utsunomiya
1615,JR-East.Utsunomiya
1616,JR-East.Utsunomiya
1617,JR-East.Utsunomiya
1618,JR-East.Utsunomiya
1619,JR-East.Utsunomiya
1620,JR-East.Utsunomiya
1621,JR-East.Utsunomiya
1622,JR-East.Utsunomiya
1623,JR-East.Utsunomiya
1624,JR-East.Utsunomiya
1625,JR-East.Utsunomiya
1626,JR-East.Utsunomiya
1627,JR-East.Utsunomiya
1628,JR-East.JobanRapid
1629,JR-East.Tokaido
1630,JR-East.Tokaido
1631,JR-East.Tokaido
1632,JR-East.Tokaido
1633,JR-East.Tokaido
1634,JR-East.Tokaido
1635,JR-East.JobanRapid
1636,JR-East.Tokaido
1637,JR-East.Tokaido
1638,JR-East.Tokaido
1639,JR-East.Tokaido
1640,JR-East.Tokaido
1641,JR-East.Tokaido
1642,JR-East.Takasaki
1643,JR-East.Tokaido
1644,JR-East.Takasaki
1645,JR-East.Takasaki
1646,JR-East.Takasaki
1647,JR-East.Takasaki
1648,JR-East.Takasaki
1649,JR-East.Takasaki
1650,JR-East.Utsunomiya
1651,JR-East.Takasaki
1652,JR-East.Takasaki
1653,JR-East.Takasaki
1654,JR-East.Takasaki
1655,JR-East.Takasaki
1656,JR-East.Tokaido
1657,JR-East.Tokaido
1658,JR-East.Tokaido
1659,JR-East.Tokaido
1660,JR-East.Tokaido
1661,JR-East.Tokaido
1662,JR-East.Joban
1663,JR-East.JobanRapid
1664,JR-East.JobanRapid
1665,JR-East.Joban
1666,JR-East.JobanRapid
1667,JR-East.SobuRapid
1668,JR-East.Yokosuka
1669,JR-East.SobuRapid
1670,JR-East.ChuoRapid
1671,JR-East.ChuoRapid
1672,JR-East.ChuoRapid
1673,JR-East.ChuoRapid
1674,JR-East.ChuoRapid
1675,JR-East.ChuoRapid
1676,JR-East.ChuoRapid
1677,JR-East.ChuoRapid
1678,JR-East.ChuoRapid
1679,JR-East.ChuoRapid
1680,JR-East.ChuoRapid
1681,JR-East.ChuoRapid
1682,JR-East.ChuoRapid
1683,JR-East.ChuoRapid
1684,JR-East.ChuoRapid
1685,JR-East.ChuoRapid
1686,JR-East.ChuoRapid
1687,JR-East.ChuoRapid
1688,JR-East.ChuoRapid
1689,JR-East.ChuoRapid
1690,JR-East.ChuoRapid
1691,JR-East.ChuoRapid
1692,JR-East.ChuoRapid
1693,JR-East.ChuoRapid
1694,JR-East.ChuoRapid
1695,JR-East.ChuoRapid
1696,JR-East.ChuoRapid
1697,JR-East.ChuoRapid
1698,JR-East.ChuoRapid
1699,JR-East.ChuoRapid
1700,JR-East.ChuoRapid
1701,JR-East.ChuoRapid
1702,JR-East.ChuoRapid
1703,JR-East.ChuoRapid
1704,JR-East.ChuoRapid
1705,JR-East.ChuoRapid
1706,JR-East.ChuoRapid
1707,JR-East.ChuoRapid
1708,JR-East.ChuoRapid
1709,JR-East.ChuoRapid
1710,JR-East.ChuoRapid
1711,JR-East.ChuoRapid
1712,JR-East.ChuoRapid
1713,JR-East.ChuoRapid
1714,JR-East.ChuoRapid
1715,JR-East.ChuoRapid
1716,JR-East.ChuoRapid
1717,JR-East.ChuoRapid
1718,JR-East.ChuoRapid
1719,JR-East.ChuoRapid
1720,JR-East.ChuoRapid
1721,JR-East.ChuoRapid
1722,JR-East.ChuoRapid
1723,JR-East.JobanLocal
1724,JR-East.JobanLocal
1725,JR-East.JobanLocal
1726,JR-East.JobanLocal
1727,JR-East.JobanLocal
1728,JR-East.JobanLocal
1729,JR-East.JobanLocal
1730,JR-East.JobanLocal
1731,JR-East.JobanLocal
1732,JR-East.JobanLocal
1733,Toei.Arakawa
1734,Toei.Arakawa
1735,Toei.Arakawa
1736,Toei.Arakawa
1737,Toei.Arakawa
1738,Toei.Arakawa
1739,Toei.Arakawa
1740,Toei.Arakawa
1741,Toei.Arakawa
1742,Toei.Arakawa
1743,Toei.Arakawa
1744,Toei.Arakawa
1745,Toei.Arakawa
1746,Toei.Arakawa
1747,Toei.Arakawa
1748,Toei.Arakawa
1749,Toei.Arakawa
1750,Toei.Arakawa
1751,Toei.Arakawa
1752,Toei.Arakawa
1753,Toei.Arakawa
1754,Toei.Arakawa
1755,Toei.Arakawa
1756,Toei.Arakawa
1757,Toei.Arakawa
1758,Toei.Arakawa