railway,railway_jp
JR-East.Keiyo,JR京葉線
JR-East.JobanRapid,JR常磐快速線
JR-East.Joban,JR常磐線
JR-East.SaikyoKawagoe,JR埼京川越線
JR-East.Nambu,JR南武線
JR-East.Takasaki,JR高崎線
JR-East.Yamanote,JR山手線
JR-East.Tokaido,JR東海道線
JR-East.Yokosuka,JR横須賀線
JR-East.Chuo,JR中央線
JR-East.ChuoRapid,JR中央快速線
JR-East.Yokohama,JR横浜線
JR-East.KeihinTohokuNegishi,JR京浜東北根岸線
JR-East.Itsukaichi,JR五日市線
JR-East.Ome,JR青梅線
JR-East.Musashino,JR武蔵野線
JR-East.SobuRapid,JR総武快速線
JR-East.ShonanShinjuku,JR湘南新宿ライン
JR-East.Utsunomiya,JR宇都宮線
JR-East.ChuoSobuLocal,JR中央総武線各駅停車
JR-East.Kawagoe,JR川越線
JR-East.JobanLocal,JR常磐線各駅停車
Toei.Arakawa,都営荒川線
TokyoMetro.Tozai,東京メトロ東西線
TokyoMetro.Yurakucho,東京メトロ有楽町線
TokyoMetro.Namboku,東京メトロ南北線
TokyoMetro.Fukutoshin,東京メトロ副都心線
TokyoMetro.Marunouchi,東京メトロ丸ノ内線
TokyoMetro.MarunouchiBranch,東京メトロ丸ノ内支線
TokyoMetro.Hanzomon,東京メトロ半蔵門線
TokyoMetro.Hibiya,東京メトロ日比谷線
TokyoMetro.Chiyoda,東京メトロ千代田線
TokyoMetro.Ginza,東京メトロ銀座線
,
,
,
,
,
,
,
,
,